[
  {
    "id": "D-101",
    "full_name": "Alex Johnson",
    "license_number": "DL-554433",
    "license_expiry": "2026-12-15",
    "category": "Truck",
    "safety_score": 4.8,
    "status": "On Duty"
  },
  {
    "id": "D-102",
    "full_name": "Sarah Smith",
    "license_number": "DL-221100",
    "license_expiry": "2024-05-20",
    "category": "Van",
    "safety_score": 4.2,
    "status": "Off Duty"
  },
  {
    "id": "D-103",
    "full_name": "Mike Ross",
    "license_number": "DL-887766",
    "license_expiry": "2027-01-10",
    "category": "Truck",
    "safety_score": 3.5,
    "status": "Suspended"
  },
  {
    "id": "D-104",
    "full_name": "Elena Gilbert",
    "license_number": "DL-449911",
    "license_expiry": "2026-08-12",
    "category": "Bike",
    "safety_score": 4.9,
    "status": "On Trip"
  },
  {
    "id": "D-105",
    "full_name": "David Miller",
    "license_number": "DL-112233",
    "license_expiry": "2025-11-30",
    "category": "Van",
    "safety_score": 4,
    "status": "Off Duty"
  },
  {
    "id": "D-106",
    "full_name": "Chris Evans",
    "license_number": "DL-776655",
    "license_expiry": "2026-03-15",
    "category": "Truck",
    "safety_score": 4.5,
    "status": "On Trip"
  },
  {
    "id": "D-107",
    "full_name": "Jessica Alba",
    "license_number": "DL-334455",
    "license_expiry": "2024-12-01",
    "category": "Van",
    "safety_score": 3.9,
    "status": "On Duty"
  },
  {
    "id": "D-108",
    "full_name": "Robert Downey",
    "license_number": "DL-990011",
    "license_expiry": "2027-05-22",
    "category": "Truck",
    "safety_score": 4.7,
    "status": "Off Duty"
  },
  {
    "id": "D-109",
    "full_name": "Scarlett J.",
    "license_number": "DL-223344",
    "license_expiry": "2026-10-10",
    "category": "Bike",
    "safety_score": 5,
    "status": "On Duty"
  },
  {
    "id": "D-110",
    "full_name": "Tom Holland",
    "license_number": "DL-667788",
    "license_expiry": "2025-07-14",
    "category": "Van",
    "safety_score": 4.1,
    "status": "Suspended"
  },
  {
    "id": "D-111",
    "full_name": "Zendaya Coleman",
    "license_number": "DL-118822",
    "license_expiry": "2026-01-20",
    "category": "Bike",
    "safety_score": 4.6,
    "status": "On Duty"
  },
  {
    "id": "D-112",
    "full_name": "Paul Rudd",
    "license_number": "DL-559900",
    "license_expiry": "2027-09-05",
    "category": "Truck",
    "safety_score": 4.3,
    "status": "Off Duty"
  },
  {
    "id": "D-113",
    "full_name": "Brie Larson",
    "license_number": "DL-336611",
    "license_expiry": "2024-02-15",
    "category": "Van",
    "safety_score": 3.2,
    "status": "Off Duty"
  },
  {
    "id": "D-114",
    "full_name": "Chadwick B.",
    "license_number": "DL-772299",
    "license_expiry": "2026-11-11",
    "category": "Truck",
    "safety_score": 4.9,
    "status": "On Duty"
  },
  {
    "id": "D-115",
    "full_name": "Mark Ruffalo",
    "license_number": "DL-441188",
    "license_expiry": "2025-04-30",
    "category": "Van",
    "safety_score": 4.4,
    "status": "On Duty"
  },
  {
    "id": "D-116",
    "full_name": "Elizabeth Olsen",
    "license_number": "DL-885522",
    "license_expiry": "2026-07-19",
    "category": "Bike",
    "safety_score": 4.7,
    "status": "Off Duty"
  },
  {
    "id": "D-117",
    "full_name": "Jeremy Renner",
    "license_number": "DL-229933",
    "license_expiry": "2027-12-31",
    "category": "Truck",
    "safety_score": 3.8,
    "status": "On Duty"
  },
  {
    "id": "D-118",
    "full_name": "Benedict C.",
    "license_number": "DL-664477",
    "license_expiry": "2025-09-12",
    "category": "Van",
    "safety_score": 4.5,
    "status": "Suspended"
  },
  {
    "id": "D-119",
    "full_name": "Tom Hiddleston",
    "license_number": "DL-117744",
    "license_expiry": "2026-02-28",
    "category": "Truck",
    "safety_score": 4.1,
    "status": "Off Duty"
  },
  {
    "id": "D-120",
    "full_name": "Anthony Mackie",
    "license_number": "DL-552200",
    "license_expiry": "2027-06-15",
    "category": "Bike",
    "safety_score": 4.2,
    "status": "On Trip"
  },
  {
    "id": "D-121",
    "full_name": "Sebastian Stan",
    "license_number": "DL-330088",
    "license_expiry": "2025-12-05",
    "category": "Van",
    "safety_score": 4,
    "status": "On Duty"
  },
  {
    "id": "D-122",
    "full_name": "Idris Elba",
    "license_number": "DL-994411",
    "license_expiry": "2026-05-20",
    "category": "Truck",
    "safety_score": 4.9,
    "status": "On Duty"
  },
  {
    "id": "D-123",
    "full_name": "Cate Blanchett",
    "license_number": "DL-227766",
    "license_expiry": "2024-08-30",
    "category": "Van",
    "safety_score": 3.6,
    "status": "Off Duty"
  },
  {
    "id": "D-124",
    "full_name": "Chris Hemsworth",
    "license_number": "DL-661133",
    "license_expiry": "2027-03-10",
    "category": "Truck",
    "safety_score": 4.6,
    "status": "On Trip"
  },
  {
    "id": "D-125",
    "full_name": "Tessa Thompson",
    "license_number": "DL-113355",
    "license_expiry": "2026-09-25",
    "category": "Bike",
    "safety_score": 4.8,
    "status": "On Duty"
  },
  {
    "id": "D-126",
    "full_name": "Jeff Goldblum",
    "license_number": "DL-558822",
    "license_expiry": "2025-10-01",
    "category": "Van",
    "safety_score": 3.4,
    "status": "Suspended"
  },
  {
    "id": "D-127",
    "full_name": "Natalie Portman",
    "license_number": "DL-332299",
    "license_expiry": "2027-11-18",
    "category": "Truck",
    "safety_score": 4.7,
    "status": "Off Duty"
  },
  {
    "id": "D-128",
    "full_name": "Taika Waititi",
    "license_number": "DL-996644",
    "license_expiry": "2026-04-12",
    "category": "Bike",
    "safety_score": 4.3,
    "status": "On Duty"
  },
  {
    "id": "D-129",
    "full_name": "Vin Diesel",
    "license_number": "DL-225511",
    "license_expiry": "2025-01-05",
    "category": "Truck",
    "safety_score": 3.1,
    "status": "Off Duty"
  },
  {
    "id": "D-130",
    "full_name": "Paul Walker",
    "license_number": "DL-669977",
    "license_expiry": "2026-06-30",
    "category": "Van",
    "safety_score": 4.9,
    "status": "On Duty"
  },
  {
    "id": "D-131",
    "full_name": "Michelle R.",
    "license_number": "DL-115500",
    "license_expiry": "2027-08-20",
    "category": "Bike",
    "safety_score": 4.5,
    "status": "On Duty"
  },
  {
    "id": "D-132",
    "full_name": "Jason Statham",
    "license_number": "DL-550033",
    "license_expiry": "2024-11-15",
    "category": "Truck",
    "safety_score": 4.8,
    "status": "Suspended"
  },
  {
    "id": "D-133",
    "full_name": "Dwayne Johnson",
    "license_number": "DL-339966",
    "license_expiry": "2026-12-25",
    "category": "Truck",
    "safety_score": 4.7,
    "status": "On Duty"
  },
  {
    "id": "D-134",
    "full_name": "Gal Gadot",
    "license_number": "DL-993300",
    "license_expiry": "2025-05-05",
    "category": "Van",
    "safety_score": 5,
    "status": "Off Duty"
  },
  {
    "id": "D-135",
    "full_name": "Henry Cavill",
    "license_number": "DL-220088",
    "license_expiry": "2027-02-14",
    "category": "Truck",
    "safety_score": 4.4,
    "status": "On Duty"
  },
  {
    "id": "D-136",
    "full_name": "Ben Affleck",
    "license_number": "DL-663311",
    "license_expiry": "2026-01-01",
    "category": "Van",
    "safety_score": 3.7,
    "status": "Off Duty"
  },
  {
    "id": "D-137",
    "full_name": "Jason Momoa",
    "license_number": "DL-114499",
    "license_expiry": "2027-07-07",
    "category": "Truck",
    "safety_score": 4.2,
    "status": "On Duty"
  },
  {
    "id": "D-138",
    "full_name": "Ezra Miller",
    "license_number": "DL-551177",
    "license_expiry": "2025-03-22",
    "category": "Bike",
    "safety_score": 2.9,
    "status": "Suspended"
  },
  {
    "id": "D-139",
    "full_name": "Ray Fisher",
    "license_number": "DL-337744",
    "license_expiry": "2026-10-31",
    "category": "Van",
    "safety_score": 4,
    "status": "On Trip"
  },
  {
    "id": "D-140",
    "full_name": "Amy Adams",
    "license_number": "DL-991122",
    "license_expiry": "2027-04-18",
    "category": "Van",
    "safety_score": 4.6,
    "status": "Off Duty"
  }
]