[
  {
    "log_id": "M-001",
    "vehicle_id": "V-001",
    "service_type": "Oil Change",
    "cost": 85,
    "date": "2026-01-05",
    "technician": "Robert Fixer",
    "status": "Completed"
  },
  {
    "log_id": "M-002",
    "vehicle_id": "V-002",
    "service_type": "Engine Tuning",
    "cost": 450,
    "date": "2026-01-08",
    "technician": "Sarah Gear",
    "status": "Completed"
  },
  {
    "log_id": "M-003",
    "vehicle_id": "V-003",
    "service_type": "Brake Replacement",
    "cost": 850,
    "date": "2026-01-10",
    "technician": "Mike Wrench",
    "status": "Completed"
  },
  {
    "log_id": "M-004",
    "vehicle_id": "V-004",
    "service_type": "Tire Rotation",
    "cost": 120,
    "date": "2026-01-12",
    "technician": "Robert Fixer",
    "status": "Completed"
  },
  {
    "log_id": "M-005",
    "vehicle_id": "V-005",
    "service_type": "Transmission Fluid",
    "cost": 300,
    "date": "2026-01-15",
    "technician": "Sarah Gear",
    "status": "Completed"
  },
  {
    "log_id": "M-006",
    "vehicle_id": "V-006",
    "service_type": "Battery Replacement",
    "cost": 210,
    "date": "2026-01-18",
    "technician": "Mike Wrench",
    "status": "Completed"
  },
  {
    "log_id": "M-007",
    "vehicle_id": "V-007",
    "service_type": "Engine Overhaul",
    "cost": 3200,
    "date": "2026-01-20",
    "technician": "Robert Fixer",
    "status": "Completed"
  },
  {
    "log_id": "M-008",
    "vehicle_id": "V-008",
    "service_type": "AC Repair",
    "cost": 550,
    "date": "2026-01-22",
    "technician": "Sarah Gear",
    "status": "Completed"
  },
  {
    "log_id": "M-009",
    "vehicle_id": "V-009",
    "service_type": "Suspension Work",
    "cost": 1100,
    "date": "2026-01-25",
    "technician": "Mike Wrench",
    "status": "Completed"
  },
  {
    "log_id": "M-010",
    "vehicle_id": "V-010",
    "service_type": "Oil Change",
    "cost": 90,
    "date": "2026-01-28",
    "technician": "Robert Fixer",
    "status": "Completed"
  },
  {
    "log_id": "M-011",
    "vehicle_id": "V-011",
    "service_type": "Brake Pads",
    "cost": 340,
    "date": "2026-02-01",
    "technician": "Sarah Gear",
    "status": "Completed"
  },
  {
    "log_id": "M-012",
    "vehicle_id": "V-012",
    "service_type": "Tire Replacement",
    "cost": 1400,
    "date": "2026-02-03",
    "technician": "Mike Wrench",
    "status": "Completed"
  },
  {
    "log_id": "M-013",
    "vehicle_id": "V-013",
    "service_type": "Alternator Repair",
    "cost": 670,
    "date": "2026-02-05",
    "technician": "Robert Fixer",
    "status": "Completed"
  },
  {
    "log_id": "M-014",
    "vehicle_id": "V-014",
    "service_type": "Oil Change",
    "cost": 85,
    "date": "2026-02-07",
    "technician": "Sarah Gear",
    "status": "Completed"
  },
  {
    "log_id": "M-015",
    "vehicle_id": "V-015",
    "service_type": "Radiator Flush",
    "cost": 180,
    "date": "2026-02-09",
    "technician": "Mike Wrench",
    "status": "Completed"
  },
  {
    "log_id": "M-016",
    "vehicle_id": "V-016",
    "service_type": "Fuel Pump",
    "cost": 890,
    "date": "2026-02-11",
    "technician": "Robert Fixer",
    "status": "Completed"
  },
  {
    "log_id": "M-017",
    "vehicle_id": "V-017",
    "service_type": "Spark Plugs",
    "cost": 150,
    "date": "2026-02-13",
    "technician": "Sarah Gear",
    "status": "Completed"
  },
  {
    "log_id": "M-018",
    "vehicle_id": "V-018",
    "service_type": "Windshield Replace",
    "cost": 450,
    "date": "2026-02-14",
    "technician": "Mike Wrench",
    "status": "Completed"
  },
  {
    "log_id": "M-019",
    "vehicle_id": "V-019",
    "service_type": "Oil Change",
    "cost": 95,
    "date": "2026-02-15",
    "technician": "Robert Fixer",
    "status": "Completed"
  },
  {
    "log_id": "M-020",
    "vehicle_id": "V-020",
    "service_type": "Transmission Repair",
    "cost": 2800,
    "date": "2026-02-16",
    "technician": "Sarah Gear",
    "status": "In Progress"
  },
  {
    "log_id": "M-021",
    "vehicle_id": "V-021",
    "service_type": "Alignment",
    "cost": 110,
    "date": "2026-01-02",
    "technician": "Mike Wrench",
    "status": "Completed"
  },
  {
    "log_id": "M-022",
    "vehicle_id": "V-022",
    "service_type": "Headlight Bulb",
    "cost": 45,
    "date": "2026-01-04",
    "technician": "Robert Fixer",
    "status": "Completed"
  },
  {
    "log_id": "M-023",
    "vehicle_id": "V-023",
    "service_type": "Oil Change",
    "cost": 85,
    "date": "2026-01-06",
    "technician": "Sarah Gear",
    "status": "Completed"
  },
  {
    "log_id": "M-024",
    "vehicle_id": "V-024",
    "service_type": "Exhaust Repair",
    "cost": 520,
    "date": "2026-01-08",
    "technician": "Mike Wrench",
    "status": "Completed"
  },
  {
    "log_id": "M-025",
    "vehicle_id": "V-025",
    "service_type": "Oil Change",
    "cost": 85,
    "date": "2026-01-10",
    "technician": "Robert Fixer",
    "status": "Completed"
  },
  {
    "log_id": "M-026",
    "vehicle_id": "V-026",
    "service_type": "Clutch Replace",
    "cost": 1300,
    "date": "2026-01-12",
    "technician": "Sarah Gear",
    "status": "Completed"
  },
  {
    "log_id": "M-027",
    "vehicle_id": "V-027",
    "service_type": "Air Filter",
    "cost": 65,
    "date": "2026-01-14",
    "technician": "Mike Wrench",
    "status": "Completed"
  },
  {
    "log_id": "M-028",
    "vehicle_id": "V-028",
    "service_type": "Oil Change",
    "cost": 85,
    "date": "2026-01-16",
    "technician": "Robert Fixer",
    "status": "Completed"
  },
  {
    "log_id": "M-029",
    "vehicle_id": "V-029",
    "service_type": "Timing Belt",
    "cost": 750,
    "date": "2026-01-18",
    "technician": "Sarah Gear",
    "status": "Completed"
  },
  {
    "log_id": "M-030",
    "vehicle_id": "V-030",
    "service_type": "Brake Flush",
    "cost": 140,
    "date": "2026-01-20",
    "technician": "Mike Wrench",
    "status": "Completed"
  },
  {
    "log_id": "M-031",
    "vehicle_id": "V-031",
    "service_type": "Oil Change",
    "cost": 85,
    "date": "2026-01-22",
    "technician": "Robert Fixer",
    "status": "Completed"
  },
  {
    "log_id": "M-032",
    "vehicle_id": "V-032",
    "service_type": "Wiper Blades",
    "cost": 55,
    "date": "2026-01-24",
    "technician": "Sarah Gear",
    "status": "Completed"
  },
  {
    "log_id": "M-033",
    "vehicle_id": "V-033",
    "service_type": "Turbo Repair",
    "cost": 1900,
    "date": "2026-01-26",
    "technician": "Mike Wrench",
    "status": "Completed"
  },
  {
    "log_id": "M-034",
    "vehicle_id": "V-034",
    "service_type": "Oil Change",
    "cost": 85,
    "date": "2026-01-28",
    "technician": "Robert Fixer",
    "status": "Completed"
  },
  {
    "log_id": "M-035",
    "vehicle_id": "V-035",
    "service_type": "Coolant Leak",
    "cost": 320,
    "date": "2026-01-30",
    "technician": "Sarah Gear",
    "status": "Completed"
  },
  {
    "log_id": "M-036",
    "vehicle_id": "V-036",
    "service_type": "Tire Patch",
    "cost": 40,
    "date": "2026-02-01",
    "technician": "Mike Wrench",
    "status": "Completed"
  },
  {
    "log_id": "M-037",
    "vehicle_id": "V-037",
    "service_type": "Oil Change",
    "cost": 85,
    "date": "2026-02-02",
    "technician": "Robert Fixer",
    "status": "Completed"
  },
  {
    "log_id": "M-038",
    "vehicle_id": "V-038",
    "service_type": "Differential Oil",
    "cost": 220,
    "date": "2026-02-04",
    "technician": "Sarah Gear",
    "status": "Completed"
  },
  {
    "log_id": "M-039",
    "vehicle_id": "V-039",
    "service_type": "Power Steering",
    "cost": 480,
    "date": "2026-02-06",
    "technician": "Mike Wrench",
    "status": "Completed"
  },
  {
    "log_id": "M-040",
    "vehicle_id": "V-040",
    "service_type": "Oil Change",
    "cost": 85,
    "date": "2026-02-08",
    "technician": "Robert Fixer",
    "status": "Completed"
  },
  {
    "log_id": "M-041",
    "vehicle_id": "V-001",
    "service_type": "Cabin Filter",
    "cost": 50,
    "date": "2026-02-10",
    "technician": "Sarah Gear",
    "status": "Completed"
  },
  {
    "log_id": "M-042",
    "vehicle_id": "V-002",
    "service_type": "Fuel Injectors",
    "cost": 950,
    "date": "2026-02-12",
    "technician": "Mike Wrench",
    "status": "Completed"
  },
  {
    "log_id": "M-043",
    "vehicle_id": "V-003",
    "service_type": "Oil Change",
    "cost": 90,
    "date": "2026-02-14",
    "technician": "Robert Fixer",
    "status": "Completed"
  },
  {
    "log_id": "M-044",
    "vehicle_id": "V-004",
    "service_type": "Serpentine Belt",
    "cost": 230,
    "date": "2026-02-16",
    "technician": "Sarah Gear",
    "status": "Completed"
  },
  {
    "log_id": "M-045",
    "vehicle_id": "V-005",
    "service_type": "Brake Rotor",
    "cost": 410,
    "date": "2026-02-17",
    "technician": "Mike Wrench",
    "status": "Completed"
  },
  {
    "log_id": "M-046",
    "vehicle_id": "V-006",
    "service_type": "Oil Change",
    "cost": 85,
    "date": "2026-02-18",
    "technician": "Robert Fixer",
    "status": "Completed"
  },
  {
    "log_id": "M-047",
    "vehicle_id": "V-007",
    "service_type": "Ignition Coil",
    "cost": 310,
    "date": "2026-02-19",
    "technician": "Sarah Gear",
    "status": "Completed"
  },
  {
    "log_id": "M-048",
    "vehicle_id": "V-008",
    "service_type": "EGR Valve",
    "cost": 420,
    "date": "2026-02-20",
    "technician": "Mike Wrench",
    "status": "Completed"
  },
  {
    "log_id": "M-049",
    "vehicle_id": "V-009",
    "service_type": "Oil Change",
    "cost": 85,
    "date": "2026-02-21",
    "technician": "Robert Fixer",
    "status": "Pending"
  },
  {
    "log_id": "M-050",
    "vehicle_id": "V-010",
    "service_type": "Thermostat",
    "cost": 160,
    "date": "2026-01-05",
    "technician": "Sarah Gear",
    "status": "Completed"
  },
  {
    "log_id": "M-051",
    "vehicle_id": "V-011",
    "service_type": "Oil Change",
    "cost": 85,
    "date": "2026-01-07",
    "technician": "Mike Wrench",
    "status": "Completed"
  },
  {
    "log_id": "M-052",
    "vehicle_id": "V-012",
    "service_type": "Wheel Bearing",
    "cost": 540,
    "date": "2026-01-09",
    "technician": "Robert Fixer",
    "status": "Completed"
  },
  {
    "log_id": "M-053",
    "vehicle_id": "V-013",
    "service_type": "Oil Change",
    "cost": 85,
    "date": "2026-01-11",
    "technician": "Sarah Gear",
    "status": "Completed"
  },
  {
    "log_id": "M-054",
    "vehicle_id": "V-014",
    "service_type": "CV Joint",
    "cost": 620,
    "date": "2026-01-13",
    "technician": "Mike Wrench",
    "status": "Completed"
  },
  {
    "log_id": "M-055",
    "vehicle_id": "V-015",
    "service_type": "Oil Change",
    "cost": 85,
    "date": "2026-01-15",
    "technician": "Robert Fixer",
    "status": "Completed"
  },
  {
    "log_id": "M-056",
    "vehicle_id": "V-016",
    "service_type": "Starter Motor",
    "cost": 490,
    "date": "2026-01-17",
    "technician": "Sarah Gear",
    "status": "Completed"
  },
  {
    "log_id": "M-057",
    "vehicle_id": "V-017",
    "service_type": "Oil Change",
    "cost": 85,
    "date": "2026-01-19",
    "technician": "Mike Wrench",
    "status": "Completed"
  },
  {
    "log_id": "M-058",
    "vehicle_id": "V-018",
    "service_type": "ABS Sensor",
    "cost": 290,
    "date": "2026-01-21",
    "technician": "Robert Fixer",
    "status": "Completed"
  },
  {
    "log_id": "M-059",
    "vehicle_id": "V-019",
    "service_type": "Oil Change",
    "cost": 85,
    "date": "2026-01-23",
    "technician": "Sarah Gear",
    "status": "Completed"
  },
  {
    "log_id": "M-060",
    "vehicle_id": "V-020",
    "service_type": "Head Gasket",
    "cost": 2400,
    "date": "2026-01-25",
    "technician": "Mike Wrench",
    "status": "Completed"
  },
  {
    "log_id": "M-061",
    "vehicle_id": "V-021",
    "service_type": "Oil Change",
    "cost": 85,
    "date": "2026-01-27",
    "technician": "Robert Fixer",
    "status": "Completed"
  },
  {
    "log_id": "M-062",
    "vehicle_id": "V-022",
    "service_type": "Brake Lines",
    "cost": 410,
    "date": "2026-01-29",
    "technician": "Sarah Gear",
    "status": "Completed"
  },
  {
    "log_id": "M-063",
    "vehicle_id": "V-023",
    "service_type": "Oil Change",
    "cost": 85,
    "date": "2026-02-01",
    "technician": "Mike Wrench",
    "status": "Completed"
  },
  {
    "log_id": "M-064",
    "vehicle_id": "V-024",
    "service_type": "Shock Absorber",
    "cost": 880,
    "date": "2026-02-03",
    "technician": "Robert Fixer",
    "status": "Completed"
  },
  {
    "log_id": "M-065",
    "vehicle_id": "V-025",
    "service_type": "Oil Change",
    "cost": 85,
    "date": "2026-02-05",
    "technician": "Sarah Gear",
    "status": "Completed"
  },
  {
    "log_id": "M-066",
    "vehicle_id": "V-026",
    "service_type": "Wheel Balance",
    "cost": 80,
    "date": "2026-02-07",
    "technician": "Mike Wrench",
    "status": "Completed"
  },
  {
    "log_id": "M-067",
    "vehicle_id": "V-027",
    "service_type": "Oil Change",
    "cost": 85,
    "date": "2026-02-09",
    "technician": "Robert Fixer",
    "status": "Completed"
  },
  {
    "log_id": "M-068",
    "vehicle_id": "V-028",
    "service_type": "Radiator Replace",
    "cost": 720,
    "date": "2026-02-11",
    "technician": "Sarah Gear",
    "status": "Completed"
  },
  {
    "log_id": "M-069",
    "vehicle_id": "V-029",
    "service_type": "Oil Change",
    "cost": 85,
    "date": "2026-02-13",
    "technician": "Mike Wrench",
    "status": "Completed"
  },
  {
    "log_id": "M-070",
    "vehicle_id": "V-030",
    "service_type": "Fuel Tank Clean",
    "cost": 350,
    "date": "2026-02-15",
    "technician": "Robert Fixer",
    "status": "Completed"
  },
  {
    "log_id": "M-071",
    "vehicle_id": "V-031",
    "service_type": "Oil Change",
    "cost": 85,
    "date": "2026-02-17",
    "technician": "Sarah Gear",
    "status": "Completed"
  },
  {
    "log_id": "M-072",
    "vehicle_id": "V-032",
    "service_type": "Valves Adj",
    "cost": 440,
    "date": "2026-02-19",
    "technician": "Mike Wrench",
    "status": "Completed"
  },
  {
    "log_id": "M-073",
    "vehicle_id": "V-033",
    "service_type": "Oil Change",
    "cost": 85,
    "date": "2026-02-20",
    "technician": "Robert Fixer",
    "status": "In Progress"
  },
  {
    "log_id": "M-074",
    "vehicle_id": "V-034",
    "service_type": "Belt Tensioner",
    "cost": 190,
    "date": "2026-01-03",
    "technician": "Sarah Gear",
    "status": "Completed"
  },
  {
    "log_id": "M-075",
    "vehicle_id": "V-035",
    "service_type": "Oil Change",
    "cost": 85,
    "date": "2026-01-05",
    "technician": "Mike Wrench",
    "status": "Completed"
  },
  {
    "log_id": "M-076",
    "vehicle_id": "V-036",
    "service_type": "Tie Rod End",
    "cost": 270,
    "date": "2026-01-07",
    "technician": "Robert Fixer",
    "status": "Completed"
  },
  {
    "log_id": "M-077",
    "vehicle_id": "V-037",
    "service_type": "Oil Change",
    "cost": 85,
    "date": "2026-01-09",
    "technician": "Sarah Gear",
    "status": "NOt Completed"
  },
  {
    "log_id": "M-078",
    "vehicle_id": "V-038",
    "service_type": "Glow Plugs",
    "cost": 380,
    "date": "2026-01-11",
    "technician": "Mike Wrench",
    "status": "Completed"
  },
  {
    "log_id": "M-079",
    "vehicle_id": "V-039",
    "service_type": "Oil Change",
    "cost": 85,
    "date": "2026-01-13",
    "technician": "Robert Fixer",
    "status": "Completed"
  },
  {
    "log_id": "M-080",
    "vehicle_id": "V-040",
    "service_type": "Axle Repair",
    "cost": 920,
    "date": "2026-01-15",
    "technician": "Sarah Gear",
    "status": "Completed"
  },
  {
    "log_id": "M-081",
    "vehicle_id": "V-001",
    "service_type": "Oil Change",
    "cost": 85,
    "date": "2026-01-17",
    "technician": "Mike Wrench",
    "status": "Completed"
  },
  {
    "log_id": "M-082",
    "vehicle_id": "V-002",
    "service_type": "Brake Booster",
    "cost": 510,
    "date": "2026-01-19",
    "technician": "Robert Fixer",
    "status": "Completed"
  },
  {
    "log_id": "M-083",
    "vehicle_id": "V-003",
    "service_type": "Oil Change",
    "cost": 85,
    "date": "2026-01-21",
    "technician": "Sarah Gear",
    "status": "Completed"
  },
  {
    "log_id": "M-084",
    "vehicle_id": "V-004",
    "service_type": "Thermostat Replace",
    "cost": 140,
    "date": "2026-01-23",
    "technician": "Mike Wrench",
    "status": "Completed"
  },
  {
    "log_id": "M-085",
    "vehicle_id": "V-005",
    "service_type": "Oil Change",
    "cost": 85,
    "date": "2026-01-25",
    "technician": "Robert Fixer",
    "status": "Completed"
  },
  {
    "log_id": "M-086",
    "vehicle_id": "V-006",
    "service_type": "Muffler Replace",
    "cost": 330,
    "date": "2026-01-27",
    "technician": "Sarah Gear",
    "status": "Completed"
  },
  {
    "log_id": "M-087",
    "vehicle_id": "V-007",
    "service_type": "Oil Change",
    "cost": 85,
    "date": "2026-01-29",
    "technician": "Mike Wrench",
    "status": "Completed"
  },
  {
    "log_id": "M-088",
    "vehicle_id": "V-008",
    "service_type": "Driveshaft Work",
    "cost": 1150,
    "date": "2026-02-01",
    "technician": "Robert Fixer",
    "status": "Completed"
  },
  {
    "log_id": "M-089",
    "vehicle_id": "V-009",
    "service_type": "Oil Change",
    "cost": 85,
    "date": "2026-02-03",
    "technician": "Sarah Gear",
    "status": "Completed"
  },
  {
    "log_id": "M-090",
    "vehicle_id": "V-010",
    "service_type": "Heater Core",
    "cost": 780,
    "date": "2026-02-05",
    "technician": "Mike Wrench",
    "status": "Completed"
  },
  {
    "log_id": "M-091",
    "vehicle_id": "V-011",
    "service_type": "Oil Change",
    "cost": 85,
    "date": "2026-02-07",
    "technician": "Robert Fixer",
    "status": "Completed"
  },
  {
    "log_id": "M-092",
    "vehicle_id": "V-012",
    "service_type": "Brake Caliper",
    "cost": 460,
    "date": "2026-02-09",
    "technician": "Sarah Gear",
    "status": "Completed"
  },
  {
    "log_id": "M-093",
    "vehicle_id": "V-013",
    "service_type": "Oil Change",
    "cost": 85,
    "date": "2026-02-11",
    "technician": "Mike Wrench",
    "status": "Completed"
  },
  {
    "log_id": "M-094",
    "vehicle_id": "V-014",
    "service_type": "Oxygen Sensor",
    "cost": 210,
    "date": "2026-02-13",
    "technician": "Robert Fixer",
    "status": "Completed"
  },
  {
    "log_id": "M-095",
    "vehicle_id": "V-015",
    "service_type": "Oil Change",
    "cost": 85,
    "date": "2026-02-15",
    "technician": "Sarah Gear",
    "status": "Completed"
  },
  {
    "log_id": "M-096",
    "vehicle_id": "V-016",
    "service_type": "Rack and Pinion",
    "cost": 1600,
    "date": "2026-02-17",
    "technician": "Mike Wrench",
    "status": "Completed"
  },
  {
    "log_id": "M-097",
    "vehicle_id": "V-017",
    "service_type": "Oil Change",
    "cost": 85,
    "date": "2026-02-18",
    "technician": "Robert Fixer",
    "status": "Completed"
  },
  {
    "log_id": "M-098",
    "vehicle_id": "V-018",
    "service_type": "Fuel Filter",
    "cost": 120,
    "date": "2026-02-19",
    "technician": "Sarah Gear",
    "status": "Completed"
  },
  {
    "log_id": "M-099",
    "vehicle_id": "V-019",
    "service_type": "Oil Change",
    "cost": 85,
    "date": "2026-02-20",
    "technician": "Mike Wrench",
    "status": "Completed"
  },
  {
    "log_id": "M-100",
    "vehicle_id": "V-020",
    "service_type": "Oil Filter Replace",
    "cost": 40,
    "date": "2026-02-21",
    "technician": "Robert Fixer",
    "status": "Pending"
  },
  {
    "log_id": "M-1771657684751",
    "vehicle_id": "V-099",
    "service_type": "Tire Replacement",
    "cost": 250,
    "date": "2025-09-08",
    "technician": "Zarvin Patel",
    "status": "Completed"
  },
  {
    "log_id": "M-1771658488797",
    "vehicle_id": "V-003",
    "service_type": "Tire Replacement",
    "cost": 250,
    "date": "2026-05-07",
    "technician": "Zarvin Patel",
    "status": "Completed"
  },
  {
    "log_id": "M-1771663109415",
    "vehicle_id": "V-004",
    "service_type": "Engine Check",
    "cost": 1000,
    "date": "2025-09-08",
    "technician": "Het patel",
    "status": "Completed"
  }
]