[
  {
    "trip_id": "T-1001",
    "vehicle_id": "V-001",
    "driver_id": "D-101",
    "origin": "Warehouse A",
    "destination": "Port Terminal",
    "cargo_weight_kg": 1200,
    "distance_km": 45,
    "fuel_consumed_l": 12.5,
    "status": "Completed",
    "date": "2026-01-01"
  },
  {
    "trip_id": "T-1002",
    "vehicle_id": "V-002",
    "driver_id": "D-114",
    "origin": "Distribution Center",
    "destination": "City Mall",
    "cargo_weight_kg": 8500,
    "distance_km": 120,
    "fuel_consumed_l": 48,
    "status": "Completed",
    "date": "2026-01-02"
  },
  {
    "trip_id": "T-1003",
    "vehicle_id": "V-005",
    "driver_id": "D-122",
    "origin": "Factory X",
    "destination": "Warehouse Alpha",
    "cargo_weight_kg": 450,
    "distance_km": 15,
    "fuel_consumed_l": 3.2,
    "status": "Completed",
    "date": "2026-01-02"
  },
  {
    "trip_id": "T-1004",
    "vehicle_id": "V-012",
    "driver_id": "D-135",
    "origin": "Port Terminal",
    "destination": "Factory Y",
    "cargo_weight_kg": 14000,
    "distance_km": 310,
    "fuel_consumed_l": 115.4,
    "status": "Completed",
    "date": "2026-01-03"
  },
  {
    "trip_id": "T-1005",
    "vehicle_id": "V-008",
    "driver_id": "D-109",
    "origin": "Retail Park",
    "destination": "Residential Area B",
    "cargo_weight_kg": 50,
    "distance_km": 8,
    "fuel_consumed_l": 0.8,
    "status": "Completed",
    "date": "2026-01-03"
  },
  {
    "trip_id": "T-1006",
    "vehicle_id": "V-022",
    "driver_id": "D-121",
    "origin": "Hub 7",
    "destination": "Export Zone",
    "cargo_weight_kg": 900,
    "distance_km": 85,
    "fuel_consumed_l": 14.2,
    "status": "Completed",
    "date": "2026-01-04"
  },
  {
    "trip_id": "T-1007",
    "vehicle_id": "V-034",
    "driver_id": "D-133",
    "origin": "Warehouse B",
    "destination": "Factory Z",
    "cargo_weight_kg": 11000,
    "distance_km": 240,
    "fuel_consumed_l": 92,
    "status": "Completed",
    "date": "2026-01-05"
  },
  {
    "trip_id": "T-1008",
    "vehicle_id": "V-015",
    "driver_id": "D-117",
    "origin": "Port Terminal",
    "destination": "City Hub",
    "cargo_weight_kg": 1800,
    "distance_km": 55,
    "fuel_consumed_l": 16.5,
    "status": "Completed",
    "date": "2026-01-06"
  },
  {
    "trip_id": "T-1009",
    "vehicle_id": "V-047",
    "driver_id": "D-140",
    "origin": "Factory X",
    "destination": "Warehouse B",
    "cargo_weight_kg": 1150,
    "distance_km": 62,
    "fuel_consumed_l": 13.1,
    "status": "Completed",
    "date": "2026-01-07"
  },
  {
    "trip_id": "T-1010",
    "vehicle_id": "V-002",
    "driver_id": "D-114",
    "origin": "Warehouse A",
    "destination": "Retail Hub",
    "cargo_weight_kg": 7200,
    "distance_km": 95,
    "fuel_consumed_l": 38,
    "status": "Completed",
    "date": "2026-01-08"
  },
  {
    "trip_id": "T-1011",
    "vehicle_id": "V-004",
    "driver_id": "D-104",
    "origin": "City Office",
    "destination": "Warehouse A",
    "cargo_weight_kg": 20,
    "distance_km": 12,
    "fuel_consumed_l": 0.4,
    "status": "Completed",
    "date": "2026-01-09"
  },
  {
    "trip_id": "T-1012",
    "vehicle_id": "V-066",
    "driver_id": "D-137",
    "origin": "Mining Site",
    "destination": "Factory X",
    "cargo_weight_kg": 13500,
    "distance_km": 420,
    "fuel_consumed_l": 165,
    "status": "Completed",
    "date": "2026-01-10"
  },
  {
    "trip_id": "T-1013",
    "vehicle_id": "V-099",
    "driver_id": "D-130",
    "origin": "Retail Center",
    "destination": "Warehouse B",
    "cargo_weight_kg": 500,
    "distance_km": 30,
    "fuel_consumed_l": 5.5,
    "status": "Completed",
    "date": "2026-01-11"
  },
  {
    "trip_id": "T-1014",
    "vehicle_id": "V-011",
    "driver_id": "D-112",
    "origin": "Factory Y",
    "destination": "Port Terminal",
    "cargo_weight_kg": 9800,
    "distance_km": 180,
    "fuel_consumed_l": 72,
    "status": "Completed",
    "date": "2026-01-12"
  },
  {
    "trip_id": "T-1015",
    "vehicle_id": "V-082",
    "driver_id": "D-140",
    "origin": "Warehouse A",
    "destination": "Customer Location",
    "cargo_weight_kg": 400,
    "distance_km": 25,
    "fuel_consumed_l": 4.8,
    "status": "Completed",
    "date": "2026-01-13"
  },
  {
    "trip_id": "T-1016",
    "vehicle_id": "V-046",
    "driver_id": "D-122",
    "origin": "Export Zone",
    "destination": "Factory Z",
    "cargo_weight_kg": 15000,
    "distance_km": 290,
    "fuel_consumed_l": 110,
    "status": "Completed",
    "date": "2026-01-14"
  },
  {
    "trip_id": "T-1017",
    "vehicle_id": "V-007",
    "driver_id": "D-111",
    "origin": "Post Office",
    "destination": "Warehouse Alpha",
    "cargo_weight_kg": 15,
    "distance_km": 20,
    "fuel_consumed_l": 0.6,
    "status": "Completed",
    "date": "2026-01-15"
  },
  {
    "trip_id": "T-1018",
    "vehicle_id": "V-057",
    "driver_id": "D-139",
    "origin": "Distribution Center",
    "destination": "Retail Hub 3",
    "cargo_weight_kg": 800,
    "distance_km": 45,
    "fuel_consumed_l": 10.2,
    "status": "Completed",
    "date": "2026-01-16"
  },
  {
    "trip_id": "T-1019",
    "vehicle_id": "V-031",
    "driver_id": "D-135",
    "origin": "Port Terminal",
    "destination": "Factory X",
    "cargo_weight_kg": 14000,
    "distance_km": 315,
    "fuel_consumed_l": 120,
    "status": "Completed",
    "date": "2026-01-17"
  },
  {
    "trip_id": "T-1020",
    "vehicle_id": "V-001",
    "driver_id": "D-101",
    "origin": "Warehouse A",
    "destination": "Retail Center",
    "cargo_weight_kg": 1100,
    "distance_km": 35,
    "fuel_consumed_l": 9.5,
    "status": "Completed",
    "date": "2026-01-18"
  },
  {
    "trip_id": "T-1021",
    "vehicle_id": "V-091",
    "driver_id": "D-137",
    "origin": "Warehouse B",
    "destination": "Port Terminal",
    "cargo_weight_kg": 12500,
    "distance_km": 210,
    "fuel_consumed_l": 84,
    "status": "Completed",
    "date": "2026-01-19"
  },
  {
    "trip_id": "T-1022",
    "vehicle_id": "V-010",
    "driver_id": "D-115",
    "origin": "Factory Z",
    "destination": "Distribution Center",
    "cargo_weight_kg": 1300,
    "distance_km": 60,
    "fuel_consumed_l": 13.5,
    "status": "Completed",
    "date": "2026-01-20"
  },
  {
    "trip_id": "T-1023",
    "vehicle_id": "V-076",
    "driver_id": "D-133",
    "origin": "Port Terminal",
    "destination": "Warehouse Alpha",
    "cargo_weight_kg": 8500,
    "distance_km": 150,
    "fuel_consumed_l": 62,
    "status": "Completed",
    "date": "2026-01-21"
  },
  {
    "trip_id": "T-1024",
    "vehicle_id": "V-040",
    "driver_id": "D-121",
    "origin": "Hub 2",
    "destination": "Factory Y",
    "cargo_weight_kg": 600,
    "distance_km": 40,
    "fuel_consumed_l": 8.5,
    "status": "Completed",
    "date": "2026-01-22"
  },
  {
    "trip_id": "T-1025",
    "vehicle_id": "V-096",
    "driver_id": "D-137",
    "origin": "Warehouse B",
    "destination": "Factory X",
    "cargo_weight_kg": 7000,
    "distance_km": 110,
    "fuel_consumed_l": 45,
    "status": "Completed",
    "date": "2026-01-23"
  },
  {
    "trip_id": "T-1026",
    "vehicle_id": "V-012",
    "driver_id": "D-115",
    "origin": "Factory Y",
    "destination": "Retail Hub 2",
    "cargo_weight_kg": 950,
    "distance_km": 50,
    "fuel_consumed_l": 11.2,
    "status": "Completed",
    "date": "2026-01-24"
  },
  {
    "trip_id": "T-1027",
    "vehicle_id": "V-054",
    "driver_id": "D-125",
    "origin": "Warehouse A",
    "destination": "Export Zone",
    "cargo_weight_kg": 400,
    "distance_km": 30,
    "fuel_consumed_l": 6.8,
    "status": "Completed",
    "date": "2026-01-25"
  },
  {
    "trip_id": "T-1028",
    "vehicle_id": "V-088",
    "driver_id": "D-133",
    "origin": "Port Terminal",
    "destination": "Factory Z",
    "cargo_weight_kg": 13000,
    "distance_km": 340,
    "fuel_consumed_l": 135,
    "status": "Completed",
    "date": "2026-01-26"
  },
  {
    "trip_id": "T-1029",
    "vehicle_id": "V-045",
    "driver_id": "D-131",
    "origin": "Distribution Center",
    "destination": "Residential B",
    "cargo_weight_kg": 15,
    "distance_km": 10,
    "fuel_consumed_l": 0.4,
    "status": "Completed",
    "date": "2026-01-27"
  },
  {
    "trip_id": "T-1030",
    "vehicle_id": "V-099",
    "driver_id": "D-130",
    "origin": "Retail Center",
    "destination": "Warehouse Alpha",
    "cargo_weight_kg": 550,
    "distance_km": 28,
    "fuel_consumed_l": 5.2,
    "status": "Completed",
    "date": "2026-01-28"
  },
  {
    "trip_id": "T-1031",
    "vehicle_id": "V-005",
    "driver_id": "D-106",
    "origin": "Factory X",
    "destination": "Warehouse B",
    "cargo_weight_kg": 18000,
    "distance_km": 210,
    "fuel_consumed_l": 95,
    "status": "Completed",
    "date": "2026-01-29"
  },
  {
    "trip_id": "T-1032",
    "vehicle_id": "V-025",
    "driver_id": "D-121",
    "origin": "Warehouse Alpha",
    "destination": "City Hub",
    "cargo_weight_kg": 1200,
    "distance_km": 42,
    "fuel_consumed_l": 10.5,
    "status": "Completed",
    "date": "2026-01-30"
  },
  {
    "trip_id": "T-1033",
    "vehicle_id": "V-072",
    "driver_id": "D-115",
    "origin": "Factory Y",
    "destination": "Warehouse A",
    "cargo_weight_kg": 600,
    "distance_km": 55,
    "fuel_consumed_l": 12,
    "status": "Completed",
    "date": "2026-01-31"
  },
  {
    "trip_id": "T-1034",
    "vehicle_id": "V-001",
    "driver_id": "D-101",
    "origin": "Warehouse A",
    "destination": "Port Terminal",
    "cargo_weight_kg": 1150,
    "distance_km": 45,
    "fuel_consumed_l": 12,
    "status": "Completed",
    "date": "2026-02-01"
  },
  {
    "trip_id": "T-1035",
    "vehicle_id": "V-015",
    "driver_id": "D-107",
    "origin": "Distribution Center",
    "destination": "Retail Hub",
    "cargo_weight_kg": 1600,
    "distance_km": 40,
    "fuel_consumed_l": 14.5,
    "status": "Completed",
    "date": "2026-02-02"
  },
  {
    "trip_id": "T-1036",
    "vehicle_id": "V-091",
    "driver_id": "D-135",
    "origin": "Port Terminal",
    "destination": "Warehouse B",
    "cargo_weight_kg": 12000,
    "distance_km": 200,
    "fuel_consumed_l": 80,
    "status": "Completed",
    "date": "2026-02-03"
  },
  {
    "trip_id": "T-1037",
    "vehicle_id": "V-042",
    "driver_id": "D-121",
    "origin": "Factory X",
    "destination": "City Mall",
    "cargo_weight_kg": 850,
    "distance_km": 30,
    "fuel_consumed_l": 7.5,
    "status": "Completed",
    "date": "2026-02-04"
  },
  {
    "trip_id": "T-1038",
    "vehicle_id": "V-063",
    "driver_id": "D-124",
    "origin": "Warehouse B",
    "destination": "Export Zone",
    "cargo_weight_kg": 10000,
    "distance_km": 180,
    "fuel_consumed_l": 75,
    "status": "Completed",
    "date": "2026-02-05"
  },
  {
    "trip_id": "T-1039",
    "vehicle_id": "V-017",
    "driver_id": "D-121",
    "origin": "Hub 5",
    "destination": "Warehouse A",
    "cargo_weight_kg": 1400,
    "distance_km": 60,
    "fuel_consumed_l": 14,
    "status": "Completed",
    "date": "2026-02-06"
  },
  {
    "trip_id": "T-1040",
    "vehicle_id": "V-034",
    "driver_id": "D-137",
    "origin": "Port Terminal",
    "destination": "Factory Y",
    "cargo_weight_kg": 12500,
    "distance_km": 300,
    "fuel_consumed_l": 120,
    "status": "Completed",
    "date": "2026-02-07"
  },
  {
    "trip_id": "T-1041",
    "vehicle_id": "V-002",
    "driver_id": "D-114",
    "origin": "Warehouse A",
    "destination": "Retail Hub 4",
    "cargo_weight_kg": 8000,
    "distance_km": 115,
    "fuel_consumed_l": 45,
    "status": "Completed",
    "date": "2026-02-08"
  },
  {
    "trip_id": "T-1042",
    "vehicle_id": "V-051",
    "driver_id": "D-122",
    "origin": "Distribution Center",
    "destination": "Warehouse Alpha",
    "cargo_weight_kg": 9000,
    "distance_km": 160,
    "fuel_consumed_l": 68,
    "status": "Completed",
    "date": "2026-02-09"
  },
  {
    "trip_id": "T-1043",
    "vehicle_id": "V-022",
    "driver_id": "D-121",
    "origin": "Retail Center",
    "destination": "City Hub",
    "cargo_weight_kg": 950,
    "distance_km": 38,
    "fuel_consumed_l": 9.2,
    "status": "Completed",
    "date": "2026-02-10"
  },
  {
    "trip_id": "T-1044",
    "vehicle_id": "V-005",
    "driver_id": "D-114",
    "origin": "Warehouse B",
    "destination": "Port Terminal",
    "cargo_weight_kg": 15000,
    "distance_km": 215,
    "fuel_consumed_l": 98,
    "status": "Completed",
    "date": "2026-02-11"
  },
  {
    "trip_id": "T-1045",
    "vehicle_id": "V-015",
    "driver_id": "D-107",
    "origin": "Factory X",
    "destination": "Warehouse A",
    "cargo_weight_kg": 1700,
    "distance_km": 42,
    "fuel_consumed_l": 15.5,
    "status": "Completed",
    "date": "2026-02-12"
  },
  {
    "trip_id": "T-1046",
    "vehicle_id": "V-088",
    "driver_id": "D-137",
    "origin": "Port Terminal",
    "destination": "Factory Z",
    "cargo_weight_kg": 13500,
    "distance_km": 350,
    "fuel_consumed_l": 140,
    "status": "Completed",
    "date": "2026-02-13"
  },
  {
    "trip_id": "T-1047",
    "vehicle_id": "V-037",
    "driver_id": "D-139",
    "origin": "Hub 1",
    "destination": "Retail Hub 3",
    "cargo_weight_kg": 1200,
    "distance_km": 50,
    "fuel_consumed_l": 12.5,
    "status": "Completed",
    "date": "2026-02-14"
  },
  {
    "trip_id": "T-1048",
    "vehicle_id": "V-063",
    "driver_id": "D-124",
    "origin": "Warehouse Alpha",
    "destination": "Export Zone",
    "cargo_weight_kg": 11000,
    "distance_km": 190,
    "fuel_consumed_l": 80,
    "status": "Completed",
    "date": "2026-02-15"
  },
  {
    "trip_id": "T-1049",
    "vehicle_id": "V-079",
    "driver_id": "D-131",
    "origin": "City Center",
    "destination": "Warehouse B",
    "cargo_weight_kg": 400,
    "distance_km": 18,
    "fuel_consumed_l": 4.2,
    "status": "Completed",
    "date": "2026-02-16"
  },
  {
    "trip_id": "T-1050",
    "vehicle_id": "V-091",
    "driver_id": "D-135",
    "origin": "Port Terminal",
    "destination": "Warehouse Alpha",
    "cargo_weight_kg": 12000,
    "distance_km": 205,
    "fuel_consumed_l": 82,
    "status": "Completed",
    "date": "2026-02-17"
  },
  {
    "trip_id": "T-1051",
    "vehicle_id": "V-001",
    "driver_id": "D-101",
    "origin": "Warehouse A",
    "destination": "Factory X",
    "cargo_weight_kg": 1000,
    "distance_km": 35,
    "fuel_consumed_l": 9,
    "status": "Completed",
    "date": "2026-01-05"
  },
  {
    "trip_id": "T-1052",
    "vehicle_id": "V-012",
    "driver_id": "D-115",
    "origin": "Distribution Center",
    "destination": "Retail Hub 2",
    "cargo_weight_kg": 900,
    "distance_km": 52,
    "fuel_consumed_l": 11.5,
    "status": "Completed",
    "date": "2026-01-08"
  },
  {
    "trip_id": "T-1053",
    "vehicle_id": "V-022",
    "driver_id": "D-121",
    "origin": "Hub 9",
    "destination": "Warehouse B",
    "cargo_weight_kg": 1100,
    "distance_km": 44,
    "fuel_consumed_l": 10.8,
    "status": "Completed",
    "date": "2026-01-12"
  },
  {
    "trip_id": "T-1054",
    "vehicle_id": "V-037",
    "driver_id": "D-139",
    "origin": "Factory Z",
    "destination": "Port Terminal",
    "cargo_weight_kg": 1300,
    "distance_km": 65,
    "fuel_consumed_l": 14.8,
    "status": "Completed",
    "date": "2026-01-15"
  },
  {
    "trip_id": "T-1055",
    "vehicle_id": "V-047",
    "driver_id": "D-115",
    "origin": "Warehouse Alpha",
    "destination": "Export Zone",
    "cargo_weight_kg": 1050,
    "distance_km": 58,
    "fuel_consumed_l": 12.5,
    "status": "Completed",
    "date": "2026-01-18"
  },
  {
    "trip_id": "T-1056",
    "vehicle_id": "V-057",
    "driver_id": "D-139",
    "origin": "Retail Center",
    "destination": "Warehouse A",
    "cargo_weight_kg": 850,
    "distance_km": 48,
    "fuel_consumed_l": 11,
    "status": "Completed",
    "date": "2026-01-22"
  },
  {
    "trip_id": "T-1057",
    "vehicle_id": "V-072",
    "driver_id": "D-115",
    "origin": "City Hub",
    "destination": "Distribution Center",
    "cargo_weight_kg": 550,
    "distance_km": 30,
    "fuel_consumed_l": 6.5,
    "status": "Completed",
    "date": "2026-01-25"
  },
  {
    "trip_id": "T-1058",
    "vehicle_id": "V-082",
    "driver_id": "D-140",
    "origin": "Warehouse B",
    "destination": "Factory Y",
    "cargo_weight_kg": 420,
    "distance_km": 22,
    "fuel_consumed_l": 4.5,
    "status": "Completed",
    "date": "2026-01-28"
  },
  {
    "trip_id": "T-1059",
    "vehicle_id": "V-092",
    "driver_id": "D-140",
    "origin": "Port Terminal",
    "destination": "Hub 4",
    "cargo_weight_kg": 1100,
    "distance_km": 50,
    "fuel_consumed_l": 11.2,
    "status": "Completed",
    "date": "2026-02-02"
  },
  {
    "trip_id": "T-1060",
    "vehicle_id": "V-099",
    "driver_id": "D-130",
    "origin": "Export Zone",
    "destination": "Warehouse A",
    "cargo_weight_kg": 480,
    "distance_km": 35,
    "fuel_consumed_l": 7.8,
    "status": "Completed",
    "date": "2026-02-05"
  },
  {
    "trip_id": "T-1061",
    "vehicle_id": "V-002",
    "driver_id": "D-106",
    "origin": "Warehouse B",
    "destination": "Port Terminal",
    "cargo_weight_kg": 14000,
    "distance_km": 210,
    "fuel_consumed_l": 88,
    "status": "Completed",
    "date": "2026-01-04"
  },
  {
    "trip_id": "T-1062",
    "vehicle_id": "V-005",
    "driver_id": "D-106",
    "origin": "Factory Z",
    "destination": "Warehouse Alpha",
    "cargo_weight_kg": 17500,
    "distance_km": 230,
    "fuel_consumed_l": 105,
    "status": "Completed",
    "date": "2026-01-10"
  },
  {
    "trip_id": "T-1063",
    "vehicle_id": "V-011",
    "driver_id": "D-114",
    "origin": "Distribution Center",
    "destination": "Export Zone",
    "cargo_weight_kg": 10000,
    "distance_km": 195,
    "fuel_consumed_l": 78,
    "status": "Completed",
    "date": "2026-01-15"
  },
  {
    "trip_id": "T-1064",
    "vehicle_id": "V-016",
    "driver_id": "D-117",
    "origin": "Port Terminal",
    "destination": "Factory X",
    "cargo_weight_kg": 22000,
    "distance_km": 310,
    "fuel_consumed_l": 130,
    "status": "Completed",
    "date": "2026-01-20"
  },
  {
    "trip_id": "T-1065",
    "vehicle_id": "V-021",
    "driver_id": "D-122",
    "origin": "Warehouse A",
    "destination": "Hub 7",
    "cargo_weight_kg": 12000,
    "distance_km": 185,
    "fuel_consumed_l": 75,
    "status": "Completed",
    "date": "2026-01-25"
  },
  {
    "trip_id": "T-1066",
    "vehicle_id": "V-026",
    "driver_id": "D-124",
    "origin": "Factory Y",
    "destination": "Warehouse B",
    "cargo_weight_kg": 15000,
    "distance_km": 220,
    "fuel_consumed_l": 92,
    "status": "Completed",
    "date": "2026-01-30"
  },
  {
    "trip_id": "T-1067",
    "vehicle_id": "V-029",
    "driver_id": "D-127",
    "origin": "Retail Park",
    "destination": "Port Terminal",
    "cargo_weight_kg": 11000,
    "distance_km": 175,
    "fuel_consumed_l": 70,
    "status": "Completed",
    "date": "2026-02-04"
  },
  {
    "trip_id": "T-1068",
    "vehicle_id": "V-031",
    "driver_id": "D-133",
    "origin": "Warehouse Alpha",
    "destination": "Factory Z",
    "cargo_weight_kg": 25000,
    "distance_km": 360,
    "fuel_consumed_l": 155,
    "status": "Completed",
    "date": "2026-02-08"
  },
  {
    "trip_id": "T-1069",
    "vehicle_id": "V-034",
    "driver_id": "D-135",
    "origin": "Hub 3",
    "destination": "Export Zone",
    "cargo_weight_kg": 30000,
    "distance_km": 420,
    "fuel_consumed_l": 180,
    "status": "Completed",
    "date": "2026-02-12"
  },
  {
    "trip_id": "T-1070",
    "vehicle_id": "V-039",
    "driver_id": "D-137",
    "origin": "Distribution Center",
    "destination": "Warehouse A",
    "cargo_weight_kg": 14000,
    "distance_km": 200,
    "fuel_consumed_l": 82,
    "status": "Completed",
    "date": "2026-02-16"
  },
  {
    "trip_id": "T-1071",
    "vehicle_id": "V-041",
    "driver_id": "D-106",
    "origin": "Port Terminal",
    "destination": "Factory X",
    "cargo_weight_kg": 20000,
    "distance_km": 280,
    "fuel_consumed_l": 115,
    "status": "Completed",
    "date": "2026-01-07"
  },
  {
    "trip_id": "T-1072",
    "vehicle_id": "V-043",
    "driver_id": "D-114",
    "origin": "Warehouse B",
    "destination": "Export Zone",
    "cargo_weight_kg": 22000,
    "distance_km": 305,
    "fuel_consumed_l": 125,
    "status": "Completed",
    "date": "2026-01-14"
  },
  {
    "trip_id": "T-1073",
    "vehicle_id": "V-046",
    "driver_id": "D-117",
    "origin": "Hub 4",
    "destination": "Warehouse A",
    "cargo_weight_kg": 15000,
    "distance_km": 190,
    "fuel_consumed_l": 80,
    "status": "Completed",
    "date": "2026-01-21"
  },
  {
    "trip_id": "T-1074",
    "vehicle_id": "V-048",
    "driver_id": "D-122",
    "origin": "Factory Y",
    "destination": "City Hub",
    "cargo_weight_kg": 8500,
    "distance_km": 120,
    "fuel_consumed_l": 48,
    "status": "Completed",
    "date": "2026-01-28"
  },
  {
    "trip_id": "T-1075",
    "vehicle_id": "V-051",
    "driver_id": "D-124",
    "origin": "Warehouse Alpha",
    "destination": "Port Terminal",
    "cargo_weight_kg": 10000,
    "distance_km": 165,
    "fuel_consumed_l": 70,
    "status": "Completed",
    "date": "2026-02-05"
  },
  {
    "trip_id": "T-1076",
    "vehicle_id": "V-053",
    "driver_id": "D-127",
    "origin": "Export Zone",
    "destination": "Factory Z",
    "cargo_weight_kg": 18000,
    "distance_km": 250,
    "fuel_consumed_l": 105,
    "status": "Completed",
    "date": "2026-02-12"
  },
  {
    "trip_id": "T-1077",
    "vehicle_id": "V-056",
    "driver_id": "D-133",
    "origin": "City Mall",
    "destination": "Warehouse B",
    "cargo_weight_kg": 12000,
    "distance_km": 170,
    "fuel_consumed_l": 72,
    "status": "Completed",
    "date": "2026-02-19"
  },
  {
    "trip_id": "T-1078",
    "vehicle_id": "V-058",
    "driver_id": "D-135",
    "origin": "Distribution Center",
    "destination": "Warehouse A",
    "cargo_weight_kg": 9000,
    "distance_km": 140,
    "fuel_consumed_l": 58,
    "status": "Completed",
    "date": "2026-01-12"
  },
  {
    "trip_id": "T-1079",
    "vehicle_id": "V-061",
    "driver_id": "D-137",
    "origin": "Port Terminal",
    "destination": "Hub 2",
    "cargo_weight_kg": 25000,
    "distance_km": 340,
    "fuel_consumed_l": 145,
    "status": "Completed",
    "date": "2026-01-26"
  },
  {
    "trip_id": "T-1080",
    "vehicle_id": "V-063",
    "driver_id": "D-124",
    "origin": "Warehouse Alpha",
    "destination": "Factory X",
    "cargo_weight_kg": 10000,
    "distance_km": 185,
    "fuel_consumed_l": 78,
    "status": "Completed",
    "date": "2026-02-09"
  },
  {
    "trip_id": "T-1081",
    "vehicle_id": "V-004",
    "driver_id": "D-109",
    "origin": "Office",
    "destination": "Warehouse A",
    "cargo_weight_kg": 10,
    "distance_km": 8,
    "fuel_consumed_l": 0.2,
    "status": "Completed",
    "date": "2026-01-02"
  },
  {
    "trip_id": "T-1082",
    "vehicle_id": "V-007",
    "driver_id": "D-111",
    "origin": "Retailer",
    "destination": "Customer",
    "cargo_weight_kg": 25,
    "distance_km": 15,
    "fuel_consumed_l": 0.5,
    "status": "Completed",
    "date": "2026-01-06"
  },
  {
    "trip_id": "T-1083",
    "vehicle_id": "V-009",
    "driver_id": "D-116",
    "origin": "Warehouse B",
    "destination": "Hub 1",
    "cargo_weight_kg": 1200,
    "distance_km": 32,
    "fuel_consumed_l": 8.5,
    "status": "Completed",
    "date": "2026-01-10"
  },
  {
    "trip_id": "T-1084",
    "vehicle_id": "V-013",
    "driver_id": "D-120",
    "origin": "Port",
    "destination": "Factory Y",
    "cargo_weight_kg": 30,
    "distance_km": 10,
    "fuel_consumed_l": 0.3,
    "status": "Completed",
    "date": "2026-01-14"
  },
  {
    "trip_id": "T-1085",
    "vehicle_id": "V-018",
    "driver_id": "D-125",
    "origin": "Warehouse A",
    "destination": "Retail Hub",
    "cargo_weight_kg": 40,
    "distance_km": 18,
    "fuel_consumed_l": 0.6,
    "status": "Completed",
    "date": "2026-01-18"
  },
  {
    "trip_id": "T-1086",
    "vehicle_id": "V-023",
    "driver_id": "D-128",
    "origin": "Distribution Center",
    "destination": "Factory X",
    "cargo_weight_kg": 20,
    "distance_km": 12,
    "fuel_consumed_l": 0.4,
    "status": "Completed",
    "date": "2026-01-22"
  },
  {
    "trip_id": "T-1087",
    "vehicle_id": "V-028",
    "driver_id": "D-131",
    "origin": "Hub 5",
    "destination": "Warehouse Alpha",
    "cargo_weight_kg": 30,
    "distance_km": 25,
    "fuel_consumed_l": 0.8,
    "status": "Completed",
    "date": "2026-01-26"
  },
  {
    "trip_id": "T-1088",
    "vehicle_id": "V-033",
    "driver_id": "D-138",
    "origin": "City",
    "destination": "Warehouse B",
    "cargo_weight_kg": 25,
    "distance_km": 14,
    "fuel_consumed_l": 0.5,
    "status": "Completed",
    "date": "2026-01-30"
  },
  {
    "trip_id": "T-1089",
    "vehicle_id": "V-038",
    "driver_id": "D-131",
    "origin": "Retail Park",
    "destination": "Hub 2",
    "cargo_weight_kg": 45,
    "distance_km": 20,
    "fuel_consumed_l": 0.7,
    "status": "Completed",
    "date": "2026-02-04"
  },
  {
    "trip_id": "T-1090",
    "vehicle_id": "V-045",
    "driver_id": "D-138",
    "origin": "Port Sector",
    "destination": "Warehouse A",
    "cargo_weight_kg": 35,
    "distance_km": 18,
    "fuel_consumed_l": 0.6,
    "status": "Completed",
    "date": "2026-02-08"
  },
  {
    "trip_id": "T-1091",
    "vehicle_id": "V-002",
    "driver_id": "D-101",
    "origin": "Warehouse A",
    "destination": "Hub 1",
    "cargo_weight_kg": 15000,
    "distance_km": 220,
    "fuel_consumed_l": 90,
    "status": "Completed",
    "date": "2026-01-03"
  },
  {
    "trip_id": "T-1092",
    "vehicle_id": "V-002",
    "driver_id": "D-114",
    "origin": "Hub 1",
    "destination": "Warehouse A",
    "cargo_weight_kg": 500,
    "distance_km": 220,
    "fuel_consumed_l": 75,
    "status": "Completed",
    "date": "2026-01-05"
  },
  {
    "trip_id": "T-1093",
    "vehicle_id": "V-005",
    "driver_id": "D-122",
    "origin": "Warehouse Alpha",
    "destination": "Factory X",
    "cargo_weight_kg": 18000,
    "distance_km": 190,
    "fuel_consumed_l": 88,
    "status": "Completed",
    "date": "2026-01-12"
  },
  {
    "trip_id": "T-1094",
    "vehicle_id": "V-005",
    "driver_id": "D-122",
    "origin": "Factory X",
    "destination": "Warehouse Alpha",
    "cargo_weight_kg": 200,
    "distance_km": 190,
    "fuel_consumed_l": 65,
    "status": "Completed",
    "date": "2026-01-14"
  },
  {
    "trip_id": "T-1095",
    "vehicle_id": "V-031",
    "driver_id": "D-135",
    "origin": "Port Terminal",
    "destination": "Warehouse B",
    "cargo_weight_kg": 26000,
    "distance_km": 350,
    "fuel_consumed_l": 150,
    "status": "Completed",
    "date": "2026-01-20"
  },
  {
    "trip_id": "T-1096",
    "vehicle_id": "V-031",
    "driver_id": "D-135",
    "origin": "Warehouse B",
    "destination": "Port Terminal",
    "cargo_weight_kg": 400,
    "distance_km": 350,
    "fuel_consumed_l": 110,
    "status": "Completed",
    "date": "2026-01-23"
  },
  {
    "trip_id": "T-1097",
    "vehicle_id": "V-034",
    "driver_id": "D-133",
    "origin": "Factory Z",
    "destination": "Warehouse Alpha",
    "cargo_weight_kg": 28000,
    "distance_km": 400,
    "fuel_consumed_l": 175,
    "status": "Completed",
    "date": "2026-02-01"
  },
  {
    "trip_id": "T-1098",
    "vehicle_id": "V-034",
    "driver_id": "D-133",
    "origin": "Warehouse Alpha",
    "destination": "Factory Z",
    "cargo_weight_kg": 100,
    "distance_km": 400,
    "fuel_consumed_l": 130,
    "status": "Completed",
    "date": "2026-02-05"
  },
  {
    "trip_id": "T-1099",
    "vehicle_id": "V-066",
    "driver_id": "D-137",
    "origin": "Factory X",
    "destination": "Warehouse B",
    "cargo_weight_kg": 32000,
    "distance_km": 410,
    "fuel_consumed_l": 185,
    "status": "Completed",
    "date": "2026-02-12"
  },
  {
    "trip_id": "T-1100",
    "vehicle_id": "V-066",
    "driver_id": "D-137",
    "origin": "Warehouse B",
    "destination": "Factory X",
    "cargo_weight_kg": 500,
    "distance_km": 410,
    "fuel_consumed_l": 140,
    "status": "Completed",
    "date": "2026-02-16"
  },
  {
    "trip_id": "T-1771657635138",
    "vehicle_id": "V-006",
    "driver_id": "D-139",
    "origin": "A",
    "destination": "4",
    "cargo_weight_kg": 250,
    "distance_km": 0,
    "fuel_consumed_l": 0,
    "status": "Dispatched",
    "date": "2026-02-21"
  },
  {
    "trip_id": "T-1771657873427",
    "vehicle_id": "V-011",
    "driver_id": "D-124",
    "origin": "B",
    "destination": "5",
    "cargo_weight_kg": 520,
    "distance_km": 0,
    "fuel_consumed_l": 0,
    "status": "Dispatched",
    "date": "2026-02-21"
  },
  {
    "trip_id": "T-1771658275794",
    "vehicle_id": "V-016",
    "driver_id": "D-106",
    "origin": "A",
    "destination": "4",
    "cargo_weight_kg": 250,
    "distance_km": 0,
    "fuel_consumed_l": 0,
    "status": "Dispatched",
    "date": "2026-02-21"
  },
  {
    "trip_id": "T-1771662960931",
    "vehicle_id": "V-023",
    "driver_id": "D-104",
    "origin": "A",
    "destination": "5",
    "cargo_weight_kg": 25,
    "distance_km": 0,
    "fuel_consumed_l": 0,
    "status": "Dispatched",
    "date": "2026-02-21"
  },
  {
    "trip_id": "T-1771663022411",
    "vehicle_id": "V-018",
    "driver_id": "D-120",
    "origin": "A",
    "destination": "4",
    "cargo_weight_kg": 45,
    "distance_km": 0,
    "fuel_consumed_l": 0,
    "status": "Dispatched",
    "date": "2026-02-21"
  }
]