[
  {
    "id": "V-001",
    "name_model": "Mercedes Sprinter",
    "license_plate": "VAN-7721",
    "type": "Van",
    "max_load_kg": 1500,
    "current_odometer": 45000,
    "status": "Available"
  },
  {
    "id": "V-002",
    "name_model": "Volvo FH16",
    "license_plate": "TRK-1102",
    "type": "Truck",
    "max_load_kg": 18000,
    "current_odometer": 125400,
    "status": "On Trip"
  },
  {
    "id": "V-003",
    "name_model": "Ford Transit",
    "license_plate": "VAN-9930",
    "type": "Van",
    "max_load_kg": 1200,
    "current_odometer": 88200,
    "status": "In Shop"
  },
  {
    "id": "V-004",
    "name_model": "Honda Super Cub",
    "license_plate": "BK-551",
    "type": "Bike",
    "max_load_kg": 50,
    "current_odometer": 12000,
    "status": "In Shop"
  },
  {
    "id": "V-005",
    "name_model": "Scania R500",
    "license_plate": "TRK-4455",
    "type": "Truck",
    "max_load_kg": 25000,
    "current_odometer": 210000,
    "status": "On Trip"
  },
  {
    "id": "V-006",
    "name_model": "Toyota Hiace",
    "license_plate": "VAN-1010",
    "type": "Van",
    "max_load_kg": 1000,
    "current_odometer": 33400,
    "status": "On Trip"
  },
  {
    "id": "V-007",
    "name_model": "Yamaha NMAX",
    "license_plate": "BK-202",
    "type": "Bike",
    "max_load_kg": 40,
    "current_odometer": 5600,
    "status": "On Trip"
  },
  {
    "id": "V-008",
    "name_model": "MAN TGX",
    "license_plate": "TRK-8899",
    "type": "Truck",
    "max_load_kg": 20000,
    "current_odometer": 150700,
    "status": "In Shop"
  },
  {
    "id": "V-009",
    "name_model": "Renault Master",
    "license_plate": "VAN-2233",
    "type": "Van",
    "max_load_kg": 1800,
    "current_odometer": 67000,
    "status": "Available"
  },
  {
    "id": "V-010",
    "name_model": "Iveco Daily",
    "license_plate": "VAN-4488",
    "type": "Van",
    "max_load_kg": 2000,
    "current_odometer": 92100,
    "status": "On Trip"
  },
  {
    "id": "V-011",
    "name_model": "DAF XF",
    "license_plate": "TRK-1234",
    "type": "Truck",
    "max_load_kg": 15000,
    "current_odometer": 110000,
    "status": "On Trip"
  },
  {
    "id": "V-012",
    "name_model": "Nissan NV350",
    "license_plate": "VAN-5566",
    "type": "Van",
    "max_load_kg": 1300,
    "current_odometer": 44000,
    "status": "On Trip"
  },
  {
    "id": "V-013",
    "name_model": "Bajaj Pulsar",
    "license_plate": "BK-777",
    "type": "Bike",
    "max_load_kg": 30,
    "current_odometer": 8900,
    "status": "In Shop"
  },
  {
    "id": "V-014",
    "name_model": "Kenworth T680",
    "license_plate": "TRK-0077",
    "type": "Truck",
    "max_load_kg": 30000,
    "current_odometer": 305000,
    "status": "Available"
  },
  {
    "id": "V-015",
    "name_model": "VW Crafter",
    "license_plate": "VAN-8811",
    "type": "Van",
    "max_load_kg": 2500,
    "current_odometer": 15600,
    "status": "On Trip"
  },
  {
    "id": "V-016",
    "name_model": "Peterbilt 579",
    "license_plate": "TRK-4422",
    "type": "Truck",
    "max_load_kg": 28000,
    "current_odometer": 289000,
    "status": "On Trip"
  },
  {
    "id": "V-017",
    "name_model": "Fiat Ducato",
    "license_plate": "VAN-3321",
    "type": "Van",
    "max_load_kg": 1600,
    "current_odometer": 76500,
    "status": "On Trip"
  },
  {
    "id": "V-018",
    "name_model": "TVS Apache",
    "license_plate": "BK-303",
    "type": "Bike",
    "max_load_kg": 45,
    "current_odometer": 14200,
    "status": "On Trip"
  },
  {
    "id": "V-019",
    "name_model": "Mack Anthem",
    "license_plate": "TRK-6655",
    "type": "Truck",
    "max_load_kg": 35000,
    "current_odometer": 412000,
    "status": "In Shop"
  },
  {
    "id": "V-020",
    "name_model": "Peugeot Boxer",
    "license_plate": "VAN-1199",
    "type": "Van",
    "max_load_kg": 1400,
    "current_odometer": 55000,
    "status": "On Trip"
  },
  {
    "id": "V-021",
    "name_model": "Mercedes Actros",
    "license_plate": "TRK-2211",
    "type": "Truck",
    "max_load_kg": 18000,
    "current_odometer": 132000,
    "status": "Available"
  },
  {
    "id": "V-022",
    "name_model": "Hyundai H1",
    "license_plate": "VAN-7766",
    "type": "Van",
    "max_load_kg": 1100,
    "current_odometer": 29000,
    "status": "On Trip"
  },
  {
    "id": "V-023",
    "name_model": "Honda Grom",
    "license_plate": "BK-101",
    "type": "Bike",
    "max_load_kg": 25,
    "current_odometer": 3400,
    "status": "On Trip"
  },
  {
    "id": "V-024",
    "name_model": "Freightliner",
    "license_plate": "TRK-9900",
    "type": "Truck",
    "max_load_kg": 40000,
    "current_odometer": 500000,
    "status": "In Shop"
  },
  {
    "id": "V-025",
    "name_model": "Citroen Jumper",
    "license_plate": "VAN-4433",
    "type": "Van",
    "max_load_kg": 1700,
    "current_odometer": 81000,
    "status": "On Trip"
  },
  {
    "id": "V-026",
    "name_model": "Isuzu Giga",
    "license_plate": "TRK-3344",
    "type": "Truck",
    "max_load_kg": 22000,
    "current_odometer": 187000,
    "status": "Available"
  },
  {
    "id": "V-027",
    "name_model": "Suzuki Carry",
    "license_plate": "VAN-2288",
    "type": "Van",
    "max_load_kg": 800,
    "current_odometer": 12000,
    "status": "Available"
  },
  {
    "id": "V-028",
    "name_model": "KTM Duke 390",
    "license_plate": "BK-404",
    "type": "Bike",
    "max_load_kg": 35,
    "current_odometer": 9800,
    "status": "On Trip"
  },
  {
    "id": "V-029",
    "name_model": "Hino 700",
    "license_plate": "TRK-1111",
    "type": "Truck",
    "max_load_kg": 16000,
    "current_odometer": 143000,
    "status": "Available"
  },
  {
    "id": "V-030",
    "name_model": "Ram ProMaster",
    "license_plate": "VAN-6611",
    "type": "Van",
    "max_load_kg": 2100,
    "current_odometer": 43000,
    "status": "In Shop"
  },
  {
    "id": "V-031",
    "name_model": "Volvo VNL",
    "license_plate": "TRK-5566",
    "type": "Truck",
    "max_load_kg": 32000,
    "current_odometer": 367000,
    "status": "On Trip"
  },
  {
    "id": "V-032",
    "name_model": "Chevy Express",
    "license_plate": "VAN-9900",
    "type": "Van",
    "max_load_kg": 1900,
    "current_odometer": 102000,
    "status": "Available"
  },
  {
    "id": "V-033",
    "name_model": "Kawasaki Z400",
    "license_plate": "BK-505",
    "type": "Bike",
    "max_load_kg": 30,
    "current_odometer": 5000,
    "status": "Available"
  },
  {
    "id": "V-034",
    "name_model": "Western Star",
    "license_plate": "TRK-7711",
    "type": "Truck",
    "max_load_kg": 45000,
    "current_odometer": 489000,
    "status": "On Trip"
  },
  {
    "id": "V-035",
    "name_model": "Opel Vivaro",
    "license_plate": "VAN-8822",
    "type": "Van",
    "max_load_kg": 1550,
    "current_odometer": 38000,
    "status": "Available"
  },
  {
    "id": "V-036",
    "name_model": "Fuso Super Great",
    "license_plate": "TRK-3311",
    "type": "Truck",
    "max_load_kg": 24000,
    "current_odometer": 212000,
    "status": "In Shop"
  },
  {
    "id": "V-037",
    "name_model": "GMC Savana",
    "license_plate": "VAN-4422",
    "type": "Van",
    "max_load_kg": 2000,
    "current_odometer": 97000,
    "status": "On Trip"
  },
  {
    "id": "V-038",
    "name_model": "Royal Enfield",
    "license_plate": "BK-606",
    "type": "Bike",
    "max_load_kg": 50,
    "current_odometer": 11500,
    "status": "Available"
  },
  {
    "id": "V-039",
    "name_model": "UD Quon",
    "license_plate": "TRK-2299",
    "type": "Truck",
    "max_load_kg": 19000,
    "current_odometer": 158000,
    "status": "Available"
  },
  {
    "id": "V-040",
    "name_model": "Mazda Bongo",
    "license_plate": "VAN-3344",
    "type": "Van",
    "max_load_kg": 900,
    "current_odometer": 66000,
    "status": "On Trip"
  },
  {
    "id": "V-041",
    "name_model": "Peterbilt 389",
    "license_plate": "TRK-1041",
    "type": "Truck",
    "max_load_kg": 35000,
    "current_odometer": 420000,
    "status": "Available"
  },
  {
    "id": "V-042",
    "name_model": "Mercedes V-Class",
    "license_plate": "VAN-2042",
    "type": "Van",
    "max_load_kg": 1000,
    "current_odometer": 15000,
    "status": "On Trip"
  },
  {
    "id": "V-043",
    "name_model": "Kenworth W900",
    "license_plate": "TRK-3043",
    "type": "Truck",
    "max_load_kg": 38000,
    "current_odometer": 510000,
    "status": "In Shop"
  },
  {
    "id": "V-044",
    "name_model": "Ford E-Series",
    "license_plate": "VAN-4044",
    "type": "Van",
    "max_load_kg": 2200,
    "current_odometer": 130000,
    "status": "Available"
  },
  {
    "id": "V-045",
    "name_model": "Harley Street",
    "license_plate": "BK-5045",
    "type": "Bike",
    "max_load_kg": 40,
    "current_odometer": 8000,
    "status": "On Trip"
  },
  {
    "id": "V-046",
    "name_model": "Scania S730",
    "license_plate": "TRK-6046",
    "type": "Truck",
    "max_load_kg": 28000,
    "current_odometer": 95000,
    "status": "Available"
  },
  {
    "id": "V-047",
    "name_model": "Renault Trafic",
    "license_plate": "VAN-7047",
    "type": "Van",
    "max_load_kg": 1200,
    "current_odometer": 48000,
    "status": "On Trip"
  },
  {
    "id": "V-048",
    "name_model": "Isuzu Forward",
    "license_plate": "TRK-8048",
    "type": "Truck",
    "max_load_kg": 12000,
    "current_odometer": 160000,
    "status": "Available"
  },
  {
    "id": "V-049",
    "name_model": "Piaggio Porter",
    "license_plate": "VAN-9049",
    "type": "Van",
    "max_load_kg": 600,
    "current_odometer": 22000,
    "status": "In Shop"
  },
  {
    "id": "V-050",
    "name_model": "Ducati Scrambler",
    "license_plate": "BK-1050",
    "type": "Bike",
    "max_load_kg": 30,
    "current_odometer": 4500,
    "status": "Available"
  },
  {
    "id": "V-051",
    "name_model": "DAF CF",
    "license_plate": "TRK-1051",
    "type": "Truck",
    "max_load_kg": 14000,
    "current_odometer": 190000,
    "status": "On Trip"
  },
  {
    "id": "V-052",
    "name_model": "Nissan Primastar",
    "license_plate": "VAN-2052",
    "type": "Van",
    "max_load_kg": 1500,
    "current_odometer": 55000,
    "status": "Available"
  },
  {
    "id": "V-053",
    "name_model": "Mack Pinnacle",
    "license_plate": "TRK-3053",
    "type": "Truck",
    "max_load_kg": 33000,
    "current_odometer": 275000,
    "status": "Available"
  },
  {
    "id": "V-054",
    "name_model": "Toyota TownAce",
    "license_plate": "VAN-4054",
    "type": "Van",
    "max_load_kg": 750,
    "current_odometer": 31000,
    "status": "On Trip"
  },
  {
    "id": "V-055",
    "name_model": "Triumph Tiger",
    "license_plate": "BK-5055",
    "type": "Bike",
    "max_load_kg": 55,
    "current_odometer": 13000,
    "status": "In Shop"
  },
  {
    "id": "V-056",
    "name_model": "Volvo FMX",
    "license_plate": "TRK-6056",
    "type": "Truck",
    "max_load_kg": 26000,
    "current_odometer": 88000,
    "status": "Available"
  },
  {
    "id": "V-057",
    "name_model": "Fiat Talento",
    "license_plate": "VAN-7057",
    "type": "Van",
    "max_load_kg": 1300,
    "current_odometer": 42000,
    "status": "On Trip"
  },
  {
    "id": "V-058",
    "name_model": "Iveco Eurocargo",
    "license_plate": "TRK-8058",
    "type": "Truck",
    "max_load_kg": 11000,
    "current_odometer": 140000,
    "status": "Available"
  },
  {
    "id": "V-059",
    "name_model": "Chevy City Express",
    "license_plate": "VAN-9059",
    "type": "Van",
    "max_load_kg": 850,
    "current_odometer": 25000,
    "status": "Available"
  },
  {
    "id": "V-060",
    "name_model": "Benelli Leoncino",
    "license_plate": "BK-1060",
    "type": "Bike",
    "max_load_kg": 25,
    "current_odometer": 2100,
    "status": "On Trip"
  },
  {
    "id": "V-061",
    "name_model": "Western Star 4900",
    "license_plate": "TRK-1061",
    "type": "Truck",
    "max_load_kg": 40000,
    "current_odometer": 350000,
    "status": "In Shop"
  },
  {
    "id": "V-062",
    "name_model": "Ford Transit Connect",
    "license_plate": "VAN-2062",
    "type": "Van",
    "max_load_kg": 800,
    "current_odometer": 18000,
    "status": "Available"
  },
  {
    "id": "V-063",
    "name_model": "Hino 500",
    "license_plate": "TRK-3063",
    "type": "Truck",
    "max_load_kg": 13000,
    "current_odometer": 175000,
    "status": "On Trip"
  },
  {
    "id": "V-064",
    "name_model": "Nissan Urvan",
    "license_plate": "VAN-4064",
    "type": "Van",
    "max_load_kg": 1100,
    "current_odometer": 62000,
    "status": "Available"
  },
  {
    "id": "V-065",
    "name_model": "BMW G310R",
    "license_plate": "BK-5065",
    "type": "Bike",
    "max_load_kg": 35,
    "current_odometer": 7200,
    "status": "Available"
  },
  {
    "id": "V-066",
    "name_model": "Kenworth T880",
    "license_plate": "TRK-6066",
    "type": "Truck",
    "max_load_kg": 36000,
    "current_odometer": 210000,
    "status": "On Trip"
  },
  {
    "id": "V-067",
    "name_model": "LDV Deliver 9",
    "license_plate": "VAN-7067",
    "type": "Van",
    "max_load_kg": 1800,
    "current_odometer": 33000,
    "status": "Available"
  },
  {
    "id": "V-068",
    "name_model": "MAN TGM",
    "license_plate": "TRK-8068",
    "type": "Truck",
    "max_load_kg": 15000,
    "current_odometer": 125000,
    "status": "In Shop"
  },
  {
    "id": "V-069",
    "name_model": "Maxus G10",
    "license_plate": "VAN-9069",
    "type": "Van",
    "max_load_kg": 950,
    "current_odometer": 28000,
    "status": "On Trip"
  },
  {
    "id": "V-070",
    "name_model": "KTM Adventure",
    "license_plate": "BK-1070",
    "type": "Bike",
    "max_load_kg": 45,
    "current_odometer": 10500,
    "status": "Available"
  },
  {
    "id": "V-071",
    "name_model": "Fuso Canter",
    "license_plate": "TRK-1071",
    "type": "Truck",
    "max_load_kg": 7500,
    "current_odometer": 155000,
    "status": "Available"
  },
  {
    "id": "V-072",
    "name_model": "Citroen Berlingo",
    "license_plate": "VAN-2072",
    "type": "Van",
    "max_load_kg": 700,
    "current_odometer": 14000,
    "status": "On Trip"
  },
  {
    "id": "V-073",
    "name_model": "Peterbilt 567",
    "license_plate": "TRK-3073",
    "type": "Truck",
    "max_load_kg": 34000,
    "current_odometer": 180000,
    "status": "Available"
  },
  {
    "id": "V-074",
    "name_model": "Vauxhall Movano",
    "license_plate": "VAN-4074",
    "type": "Van",
    "max_load_kg": 1600,
    "current_odometer": 59000,
    "status": "In Shop"
  },
  {
    "id": "V-075",
    "name_model": "Indian Scout",
    "license_plate": "BK-5075",
    "type": "Bike",
    "max_load_kg": 40,
    "current_odometer": 9200,
    "status": "Available"
  },
  {
    "id": "V-076",
    "name_model": "Scania G-Series",
    "license_plate": "TRK-6076",
    "type": "Truck",
    "max_load_kg": 20000,
    "current_odometer": 115000,
    "status": "On Trip"
  },
  {
    "id": "V-077",
    "name_model": "Toyota Proace",
    "license_plate": "VAN-7077",
    "type": "Van",
    "max_load_kg": 1400,
    "current_odometer": 37000,
    "status": "Available"
  },
  {
    "id": "V-078",
    "name_model": "Isuzu NPR",
    "license_plate": "TRK-8078",
    "type": "Truck",
    "max_load_kg": 6000,
    "current_odometer": 195000,
    "status": "Available"
  },
  {
    "id": "V-079",
    "name_model": "Mercedes Citan",
    "license_plate": "VAN-9079",
    "type": "Van",
    "max_load_kg": 650,
    "current_odometer": 21000,
    "status": "On Trip"
  },
  {
    "id": "V-080",
    "name_model": "Suzuki V-Strom",
    "license_plate": "BK-1080",
    "type": "Bike",
    "max_load_kg": 50,
    "current_odometer": 12800,
    "status": "In Shop"
  },
  {
    "id": "V-081",
    "name_model": "Volvo FE",
    "license_plate": "TRK-1081",
    "type": "Truck",
    "max_load_kg": 18000,
    "current_odometer": 145000,
    "status": "Available"
  },
  {
    "id": "V-082",
    "name_model": "Nissan Townstar",
    "license_plate": "VAN-2082",
    "type": "Van",
    "max_load_kg": 750,
    "current_odometer": 11000,
    "status": "On Trip"
  },
  {
    "id": "V-083",
    "name_model": "Kenworth T480",
    "license_plate": "TRK-3083",
    "type": "Truck",
    "max_load_kg": 15000,
    "current_odometer": 65000,
    "status": "Available"
  },
  {
    "id": "V-084",
    "name_model": "Peugeot Expert",
    "license_plate": "VAN-4084",
    "type": "Van",
    "max_load_kg": 1300,
    "current_odometer": 46000,
    "status": "Available"
  },
  {
    "id": "V-085",
    "name_model": "Kawasaki Ninja",
    "license_plate": "BK-5085",
    "type": "Bike",
    "max_load_kg": 25,
    "current_odometer": 6100,
    "status": "On Trip"
  },
  {
    "id": "V-086",
    "name_model": "Freightliner M2",
    "license_plate": "TRK-6086",
    "type": "Truck",
    "max_load_kg": 16000,
    "current_odometer": 230000,
    "status": "In Shop"
  },
  {
    "id": "V-087",
    "name_model": "Hyundai Staria",
    "license_plate": "VAN-7087",
    "type": "Van",
    "max_load_kg": 1100,
    "current_odometer": 19000,
    "status": "Available"
  },
  {
    "id": "V-088",
    "name_model": "Mack TerraPro",
    "license_plate": "TRK-8088",
    "type": "Truck",
    "max_load_kg": 30000,
    "current_odometer": 320000,
    "status": "On Trip"
  },
  {
    "id": "V-089",
    "name_model": "Renault Kangoo",
    "license_plate": "VAN-9089",
    "type": "Van",
    "max_load_kg": 600,
    "current_odometer": 15500,
    "status": "Available"
  },
  {
    "id": "V-090",
    "name_model": "Yamaha MT-07",
    "license_plate": "BK-1090",
    "type": "Bike",
    "max_load_kg": 35,
    "current_odometer": 8800,
    "status": "Available"
  },
  {
    "id": "V-091",
    "name_model": "International LT",
    "license_plate": "TRK-1091",
    "type": "Truck",
    "max_load_kg": 38000,
    "current_odometer": 290000,
    "status": "On Trip"
  },
  {
    "id": "V-092",
    "name_model": "Iveco eDaily",
    "license_plate": "VAN-2092",
    "type": "Van",
    "max_load_kg": 1500,
    "current_odometer": 8000,
    "status": "Available"
  },
  {
    "id": "V-093",
    "name_model": "Hino 300",
    "license_plate": "TRK-3093",
    "type": "Truck",
    "max_load_kg": 4500,
    "current_odometer": 140000,
    "status": "In Shop"
  },
  {
    "id": "V-094",
    "name_model": "Chevy Colorado",
    "license_plate": "VAN-4094",
    "type": "Van",
    "max_load_kg": 700,
    "current_odometer": 52000,
    "status": "On Trip"
  },
  {
    "id": "V-095",
    "name_model": "Honda Goldwing",
    "license_plate": "BK-5095",
    "type": "Bike",
    "max_load_kg": 60,
    "current_odometer": 25000,
    "status": "Available"
  },
  {
    "id": "V-096",
    "name_model": "UD Croner",
    "license_plate": "TRK-6096",
    "type": "Truck",
    "max_load_kg": 12000,
    "current_odometer": 165000,
    "status": "On Trip"
  },
  {
    "id": "V-097",
    "name_model": "Toyota LiteAce",
    "license_plate": "VAN-7097",
    "type": "Van",
    "max_load_kg": 800,
    "current_odometer": 34000,
    "status": "Available"
  },
  {
    "id": "V-098",
    "name_model": "DAF LF",
    "license_plate": "TRK-8098",
    "type": "Truck",
    "max_load_kg": 10000,
    "current_odometer": 178000,
    "status": "Available"
  },
  {
    "id": "V-099",
    "name_model": "Volkswagen ID. Buzz",
    "license_plate": "VAN-9099",
    "type": "Van",
    "max_load_kg": 600,
    "current_odometer": 3000,
    "status": "In Shop"
  },
  {
    "id": "V-100",
    "name_model": "BMW R1250GS",
    "license_plate": "BK-1100",
    "type": "Bike",
    "max_load_kg": 50,
    "current_odometer": 15000,
    "status": "Available"
  },
  {
    "id": "V-102",
    "name_model": "Mercedes V-class",
    "license_plate": "VAN-4670",
    "type": "Van",
    "max_load_kg": 1100,
    "current_odometer": 600,
    "status": "Available"
  }
]